"CIF","ACCOUNTNUMBER","TRANSACTIONID"
100,"430-04-5447",287062
1,"650-63-6154",377610
2,"875-13-4278",513428
3,"566-83-8044",571917
4,"532-16-1750",418959
5,"683-00-5812",226117
6,"060-21-3317",794690
7,"611-71-0203",545007
8,"820-62-2326",865016
9,"402-45-6427",829154
10,"827-22-6062",866605
11,"624-06-2107",609209
12,"534-06-7335",180479
13,"246-87-3132",767265
14,"434-24-5776",534837
15,"062-18-1716",354230
16,"762-54-2442",136357
17,"174-15-3773",239973
18,"305-46-6381",267488
19,"736-31-5657",215670
20,"745-50-1433",638888
21,"830-52-1651",836020
22,"338-58-3601",607581
23,"248-16-4677",695063
24,"228-00-7826",147636
25,"576-22-2236",236089
26,"025-44-7058",665319
27,"236-84-3454",924339
28,"600-23-4656",874687
29,"871-10-4712",381640
30,"785-65-8200",696180
31,"048-82-5416",247519
32,"483-67-1026",312163
33,"525-77-1330",759424
34,"045-61-4184",935544
35,"050-61-7466",612192
36,"855-21-8447",461396
37,"886-51-1363",165298
38,"088-56-6634",394440
39,"883-66-3870",672839
40,"423-13-4375",573766
41,"262-68-1121",125679
42,"560-48-1425",825365
43,"415-36-3166",434133
44,"272-72-6427",483219
45,"705-77-5861",629551
46,"726-55-0272",734307
47,"738-62-1855",133774
48,"241-68-2480",530007
49,"535-50-6535",808684
50,"145-15-6482",483807
51,"566-64-8428",887995
52,"430-15-6024",960721
53,"653-40-1765",438837
54,"178-66-4118",683432
55,"852-00-8323",996477
56,"514-65-8714",529507
57,"878-10-8537",416162
58,"646-01-7012",485810
59,"714-20-8170",832845
60,"882-04-1325",460406
61,"844-30-2613",284530
62,"258-61-0744",576744
63,"546-81-4528",779284
64,"562-02-6725",356919
65,"827-07-0132",725607
66,"888-78-1742",956815
67,"072-25-7603",604931
68,"567-41-5342",162860
69,"576-44-1300",423968
70,"211-84-4005",903618
71,"684-88-2707",213944
72,"256-10-2086",288149
73,"802-72-0825",405473
74,"857-13-2148",457617
75,"426-78-2440",512390
76,"833-10-4215",690951
77,"724-64-0000",987598
78,"513-53-4378",368722
79,"726-25-8582",178355
80,"211-26-8460",846494
81,"140-01-8617",492696
82,"671-30-0017",132101
83,"027-30-2606",759386
84,"406-42-0705",119074
85,"332-18-5087",739813
86,"673-72-3828",799057
87,"866-20-8743",869391
88,"266-30-3668",137706
89,"435-57-2316",322182
90,"885-18-6760",899805
91,"561-13-2636",834361
92,"574-27-2386",968780
93,"736-32-4742",635659
94,"034-82-4477",168982
95,"338-58-6732",276722
96,"431-70-1077",544791
97,"281-25-1765",918931
98,"625-82-2217",887035
99,"312-78-2310",355338
100,"430-04-5447",469755
100,"430-04-5447",142270
100,"430-04-5447",394243
1,"650-63-6154",491016
2,"875-13-4278",295144
3,"566-83-8044",118527
4,"532-16-1750",114994
5,"683-00-5812",191650
6,"060-21-3317",228474
7,"611-71-0203",881181
8,"820-62-2326",552064
9,"402-45-6427",238193
10,"827-22-6062",620769
11,"624-06-2107",940674
12,"534-06-7335",204857
13,"246-87-3132",111992
14,"434-24-5776",928552
15,"062-18-1716",457178
16,"762-54-2442",392621
17,"174-15-3773",759186
18,"305-46-6381",742819
19,"736-31-5657",882251
20,"745-50-1433",352388
21,"830-52-1651",374819
22,"338-58-3601",654843
23,"248-16-4677",950872
24,"228-00-7826",407692
25,"576-22-2236",228319
26,"025-44-7058",259657
27,"236-84-3454",524196
28,"600-23-4656",774353
29,"871-10-4712",116705
30,"785-65-8200",473532
31,"048-82-5416",676257
32,"483-67-1026",238230
33,"525-77-1330",276880
34,"045-61-4184",816490
35,"050-61-7466",849034
36,"855-21-8447",426841
37,"886-51-1363",811329
38,"088-56-6634",274418
39,"883-66-3870",188153
40,"423-13-4375",535051
41,"262-68-1121",920571
42,"560-48-1425",323669
43,"415-36-3166",102296
44,"272-72-6427",419023
45,"705-77-5861",659708
46,"726-55-0272",175060
47,"738-62-1855",393903
48,"241-68-2480",179574
49,"535-50-6535",411593
50,"145-15-6482",239205
51,"566-64-8428",159612
52,"430-15-6024",793696
53,"653-40-1765",479443
54,"178-66-4118",947383
55,"852-00-8323",385065
56,"514-65-8714",285988
57,"878-10-8537",317868
58,"646-01-7012",512221
59,"714-20-8170",147281
60,"882-04-1325",586662
61,"844-30-2613",520768
62,"258-61-0744",426024
63,"546-81-4528",388598
64,"562-02-6725",282447
65,"827-07-0132",256147
66,"888-78-1742",321538
67,"072-25-7603",307990
68,"567-41-5342",945397
69,"576-44-1300",302214
70,"211-84-4005",554669
71,"684-88-2707",491839
72,"256-10-2086",546659
73,"802-72-0825",294550
74,"857-13-2148",828491
75,"426-78-2440",484619
76,"833-10-4215",808387
77,"724-64-0000",819139
78,"513-53-4378",205029
79,"726-25-8582",947312
80,"211-26-8460",657075
81,"140-01-8617",112202
82,"671-30-0017",643341
83,"027-30-2606",815496
84,"406-42-0705",903162
85,"332-18-5087",616620
86,"673-72-3828",370899
87,"866-20-8743",928742
88,"266-30-3668",744223
89,"435-57-2316",115482
90,"885-18-6760",481477
91,"561-13-2636",116824
92,"574-27-2386",253965
93,"736-32-4742",807153
94,"034-82-4477",312539
95,"338-58-6732",578445
96,"431-70-1077",199767
97,"281-25-1765",704294
98,"625-82-2217",683520
99,"312-78-2310",778344
100,"430-04-5447",881976
98,"625-82-2217",581781
99,"312-78-2310",258037
100,"430-04-5447",766975
1,"650-63-6154",953961
2,"875-13-4278",419680
3,"566-83-8044",913270
4,"532-16-1750",490901
5,"683-00-5812",759001
6,"060-21-3317",822423
7,"611-71-0203",508880
8,"820-62-2326",118598
9,"402-45-6427",782328
10,"827-22-6062",936603
11,"624-06-2107",275879
12,"534-06-7335",766000
13,"246-87-3132",797717
14,"434-24-5776",669333
15,"062-18-1716",229990
16,"762-54-2442",518376
17,"174-15-3773",615450
18,"305-46-6381",465230
19,"736-31-5657",536871
20,"745-50-1433",693576
21,"830-52-1651",366305
22,"338-58-3601",279246
23,"248-16-4677",949956
24,"228-00-7826",365755
25,"576-22-2236",282117
26,"025-44-7058",541405
27,"236-84-3454",298689
28,"600-23-4656",226100
29,"871-10-4712",701944
30,"785-65-8200",208833
31,"048-82-5416",291615
32,"483-67-1026",554169
33,"525-77-1330",408329
34,"045-61-4184",731583
35,"050-61-7466",209302
36,"855-21-8447",399539
37,"886-51-1363",520765
38,"088-56-6634",746728
39,"883-66-3870",291258
40,"423-13-4375",936300
41,"262-68-1121",558663
42,"560-48-1425",835422
43,"415-36-3166",975950
44,"272-72-6427",204219
45,"705-77-5861",394366
46,"726-55-0272",276925
47,"738-62-1855",847825
48,"241-68-2480",868343
49,"535-50-6535",926674
50,"145-15-6482",467361
51,"566-64-8428",269312
52,"430-15-6024",195803
53,"653-40-1765",519768
54,"178-66-4118",897558
55,"852-00-8323",880197
56,"514-65-8714",118403
57,"878-10-8537",776042
58,"646-01-7012",495858
59,"714-20-8170",749208
60,"882-04-1325",587167
61,"844-30-2613",363995
62,"258-61-0744",110570
63,"546-81-4528",366015
64,"562-02-6725",930466
65,"827-07-0132",885806
66,"888-78-1742",534354
67,"072-25-7603",218631
68,"567-41-5342",247984
69,"576-44-1300",582157
70,"211-84-4005",360029
71,"684-88-2707",660267
72,"256-10-2086",835422
73,"802-72-0825",460509
74,"857-13-2148",575729
75,"426-78-2440",850917
76,"833-10-4215",670757
77,"724-64-0000",439449
78,"513-53-4378",527691
79,"726-25-8582",535410
80,"211-26-8460",261086
81,"140-01-8617",656308
82,"671-30-0017",413471
83,"027-30-2606",669569
84,"406-42-0705",411942
85,"332-18-5087",654437
86,"673-72-3828",481022
87,"866-20-8743",828547
88,"266-30-3668",709418
89,"435-57-2316",680914
90,"885-18-6760",835457
91,"561-13-2636",104890
92,"574-27-2386",822388
93,"736-32-4742",304069
94,"034-82-4477",400157
95,"338-58-6732",986682
96,"431-70-1077",755103
97,"281-25-1765",455976
98,"625-82-2217",837761
99,"312-78-2310",186665
100,"430-04-5447",601654
97,"281-25-1765",356940
98,"625-82-2217",506488
99,"312-78-2310",927441
100,"430-04-5447",846498
1,"650-63-6154",718867
2,"875-13-4278",825182
3,"566-83-8044",509453
4,"532-16-1750",590931
5,"683-00-5812",335610
6,"060-21-3317",443953
7,"611-71-0203",867863
8,"820-62-2326",727129
9,"402-45-6427",124282
10,"827-22-6062",344096
11,"624-06-2107",566506
12,"534-06-7335",602545
13,"246-87-3132",962411
14,"434-24-5776",938204
15,"062-18-1716",860016
16,"762-54-2442",972459
17,"174-15-3773",112829
18,"305-46-6381",345709
19,"736-31-5657",865944
20,"745-50-1433",976712
21,"830-52-1651",344516
22,"338-58-3601",625186
23,"248-16-4677",738037
24,"228-00-7826",389629
25,"576-22-2236",235673
26,"025-44-7058",770930
27,"236-84-3454",556159
28,"600-23-4656",475341
29,"871-10-4712",960735
30,"785-65-8200",479781
31,"048-82-5416",728358
32,"483-67-1026",615695
33,"525-77-1330",444682
34,"045-61-4184",747525
35,"050-61-7466",130284
36,"855-21-8447",217392
37,"886-51-1363",803571
38,"088-56-6634",664251
39,"883-66-3870",448852
40,"423-13-4375",367542
41,"262-68-1121",376690
42,"560-48-1425",349748
43,"415-36-3166",123758
44,"272-72-6427",596915
45,"705-77-5861",332276
46,"726-55-0272",180304
47,"738-62-1855",925227
48,"241-68-2480",315024
49,"535-50-6535",406803
50,"145-15-6482",242376
51,"566-64-8428",520107
52,"430-15-6024",532541
53,"653-40-1765",277193
54,"178-66-4118",866079
55,"852-00-8323",422270
56,"514-65-8714",688981
57,"878-10-8537",270982
58,"646-01-7012",816535
59,"714-20-8170",509439
60,"882-04-1325",309549
61,"844-30-2613",983621
62,"258-61-0744",750045
63,"546-81-4528",822950
64,"562-02-6725",942424
65,"827-07-0132",642634
66,"888-78-1742",877932
67,"072-25-7603",301703
68,"567-41-5342",181550
69,"576-44-1300",173107
70,"211-84-4005",304415
71,"684-88-2707",100710
72,"256-10-2086",597070
73,"802-72-0825",981287
74,"857-13-2148",841376
75,"426-78-2440",497313
76,"833-10-4215",137545
77,"724-64-0000",598904
78,"513-53-4378",639308
79,"726-25-8582",159128
80,"211-26-8460",275184
81,"140-01-8617",763494
82,"671-30-0017",224608
83,"027-30-2606",599359
84,"406-42-0705",471776
85,"332-18-5087",531802
86,"673-72-3828",138614
87,"866-20-8743",425445
88,"266-30-3668",902242
89,"435-57-2316",786853
90,"885-18-6760",212140
91,"561-13-2636",239339
92,"574-27-2386",512034
93,"736-32-4742",401975
94,"034-82-4477",306127
95,"338-58-6732",984128
96,"431-70-1077",133646
97,"281-25-1765",427464
98,"625-82-2217",988777
99,"312-78-2310",189634
100,"430-04-5447",105453
3,"566-83-8044",916581
4,"532-16-1750",326411
3,"566-83-8044",699145
4,"532-16-1750",711685
1,"650-63-6154",245857
2,"875-13-4278",690984
3,"566-83-8044",842046
4,"532-16-1750",206666
5,"683-00-5812",828894
6,"060-21-3317",594699
7,"611-71-0203",786146
8,"820-62-2326",862091
9,"402-45-6427",432679
10,"827-22-6062",394255
11,"624-06-2107",260346
12,"534-06-7335",817655
13,"246-87-3132",967452
14,"434-24-5776",391510
15,"062-18-1716",314925
16,"762-54-2442",548252
17,"174-15-3773",448796
18,"305-46-6381",723137
19,"736-31-5657",810539
20,"745-50-1433",941047
21,"830-52-1651",693192
22,"338-58-3601",290130
23,"248-16-4677",141750
24,"228-00-7826",369887
25,"576-22-2236",411964
26,"025-44-7058",396824
27,"236-84-3454",424282
28,"600-23-4656",690133
29,"871-10-4712",630620
30,"785-65-8200",587442
31,"048-82-5416",130048
32,"483-67-1026",403651
33,"525-77-1330",475034
34,"045-61-4184",907356
35,"050-61-7466",930406
36,"855-21-8447",989843
37,"886-51-1363",401513
38,"088-56-6634",971811
39,"883-66-3870",492624
40,"423-13-4375",359947
41,"262-68-1121",410063
42,"560-48-1425",429746
43,"415-36-3166",831772
44,"272-72-6427",966109
45,"705-77-5861",559965
46,"726-55-0272",839993
47,"738-62-1855",490044
48,"241-68-2480",688608
49,"535-50-6535",481824
50,"145-15-6482",838930
51,"566-64-8428",179390
52,"430-15-6024",374196
53,"653-40-1765",256024
54,"178-66-4118",779152
55,"852-00-8323",940148
56,"514-65-8714",555798
57,"878-10-8537",328074
58,"646-01-7012",967101
59,"714-20-8170",456969
60,"882-04-1325",247784
61,"844-30-2613",765126
62,"258-61-0744",188268
63,"546-81-4528",588846
64,"562-02-6725",735606
65,"827-07-0132",952370
66,"888-78-1742",367101
67,"072-25-7603",124757
68,"567-41-5342",645226
69,"576-44-1300",382898
70,"211-84-4005",859105
71,"684-88-2707",899568
72,"256-10-2086",466152
73,"802-72-0825",901045
74,"857-13-2148",527981
75,"426-78-2440",609570
76,"833-10-4215",216266
77,"724-64-0000",452319
78,"513-53-4378",160936
79,"726-25-8582",133431
80,"211-26-8460",617214
81,"140-01-8617",448841
82,"671-30-0017",790368
83,"027-30-2606",742706
84,"406-42-0705",218876
85,"332-18-5087",777865
86,"673-72-3828",412341
87,"866-20-8743",979897
88,"266-30-3668",922898
89,"435-57-2316",810781
90,"885-18-6760",265495
91,"561-13-2636",960234
92,"574-27-2386",563104
93,"736-32-4742",705737
94,"034-82-4477",561114
95,"338-58-6732",769026
96,"431-70-1077",927925
97,"281-25-1765",813514
98,"625-82-2217",108861
99,"312-78-2310",493354
100,"430-04-5447",256691
99,"312-78-2310",330218
100,"430-04-5447",847132
99,"312-78-2310",259312
99,"312-78-2310",787703
100,"430-04-5447",135188
1,"650-63-6154",121724
2,"875-13-4278",308063
3,"566-83-8044",655877
4,"532-16-1750",182404
5,"683-00-5812",591076
6,"060-21-3317",599673
7,"611-71-0203",382100
8,"820-62-2326",446926
9,"402-45-6427",386982
10,"827-22-6062",881754
11,"624-06-2107",824628
12,"534-06-7335",354762
13,"246-87-3132",168561
14,"434-24-5776",325134
15,"062-18-1716",719350
16,"762-54-2442",788313
17,"174-15-3773",571722
18,"305-46-6381",732061
19,"736-31-5657",559909
20,"745-50-1433",496632
21,"830-52-1651",923414
22,"338-58-3601",682683
23,"248-16-4677",284810
24,"228-00-7826",191087
25,"576-22-2236",604494
26,"025-44-7058",917268
27,"236-84-3454",749577
28,"600-23-4656",957437
29,"871-10-4712",617571
30,"785-65-8200",823691
31,"048-82-5416",670372
32,"483-67-1026",222278
33,"525-77-1330",458940
34,"045-61-4184",629533
35,"050-61-7466",666281
36,"855-21-8447",654517
37,"886-51-1363",289791
38,"088-56-6634",298763
39,"883-66-3870",409833
40,"423-13-4375",419531
41,"262-68-1121",441688
42,"560-48-1425",511916
43,"415-36-3166",618585
44,"272-72-6427",895260
45,"705-77-5861",666149
46,"726-55-0272",394769
47,"738-62-1855",533307
48,"241-68-2480",493310
49,"535-50-6535",247395
50,"145-15-6482",871772
51,"566-64-8428",274293
52,"430-15-6024",674297
53,"653-40-1765",369956
54,"178-66-4118",261229
55,"852-00-8323",253767
56,"514-65-8714",221457
57,"878-10-8537",619447
58,"646-01-7012",684674
59,"714-20-8170",176722
60,"882-04-1325",785619
61,"844-30-2613",682220
62,"258-61-0744",195878
63,"546-81-4528",575102
64,"562-02-6725",996576
65,"827-07-0132",764936
66,"888-78-1742",623357
67,"072-25-7603",233537
68,"567-41-5342",909323
69,"576-44-1300",995007
70,"211-84-4005",374522
71,"684-88-2707",738146
72,"256-10-2086",357928
73,"802-72-0825",321148
74,"857-13-2148",264401
75,"426-78-2440",981109
76,"833-10-4215",906237
77,"724-64-0000",700582
78,"513-53-4378",844058
79,"726-25-8582",721554
80,"211-26-8460",905812
81,"140-01-8617",443857
82,"671-30-0017",536308
83,"027-30-2606",559147
84,"406-42-0705",233718
85,"332-18-5087",381036
86,"673-72-3828",477737
87,"866-20-8743",626741
88,"266-30-3668",692105
89,"435-57-2316",436941
90,"885-18-6760",900375
91,"561-13-2636",992259
92,"574-27-2386",253221
93,"736-32-4742",498875
94,"034-82-4477",624299
95,"338-58-6732",323122
96,"431-70-1077",175267
97,"281-25-1765",986640
98,"625-82-2217",388940
99,"312-78-2310",939991
100,"430-04-5447",251361
2,"875-13-4278",972174
3,"566-83-8044",546019
2,"875-13-4278",179506
3,"566-83-8044",216235
2,"875-13-4278",294769
3,"566-83-8044",846521
1,"650-63-6154",896668
2,"875-13-4278",661268
3,"566-83-8044",688584
4,"532-16-1750",862508
5,"683-00-5812",368348
6,"060-21-3317",550935
7,"611-71-0203",678237
8,"820-62-2326",215276
9,"402-45-6427",359538
10,"827-22-6062",413199
11,"624-06-2107",935593
12,"534-06-7335",857291
13,"246-87-3132",886216
14,"434-24-5776",640218
15,"062-18-1716",417402
16,"762-54-2442",323773
17,"174-15-3773",591965
18,"305-46-6381",396959
19,"736-31-5657",630419
20,"745-50-1433",217710
21,"830-52-1651",866194
22,"338-58-3601",334320
23,"248-16-4677",218615
24,"228-00-7826",163090
25,"576-22-2236",662327
26,"025-44-7058",136960
27,"236-84-3454",307604
28,"600-23-4656",802030
29,"871-10-4712",162341
30,"785-65-8200",487578
31,"048-82-5416",835256
32,"483-67-1026",146543
33,"525-77-1330",282662
34,"045-61-4184",922519
35,"050-61-7466",137980
36,"855-21-8447",889601
37,"886-51-1363",385250
38,"088-56-6634",533607
39,"883-66-3870",162638
40,"423-13-4375",147227
41,"262-68-1121",461426
42,"560-48-1425",957729
43,"415-36-3166",735798
44,"272-72-6427",821247
45,"705-77-5861",981836
46,"726-55-0272",895108
47,"738-62-1855",344838
48,"241-68-2480",451084
49,"535-50-6535",170158
50,"145-15-6482",723000
51,"566-64-8428",464792
52,"430-15-6024",414588
53,"653-40-1765",845088
54,"178-66-4118",231962
55,"852-00-8323",142884
56,"514-65-8714",647787
57,"878-10-8537",956385
58,"646-01-7012",818391
59,"714-20-8170",466323
60,"882-04-1325",609992
61,"844-30-2613",522023
62,"258-61-0744",850314
63,"546-81-4528",244340
64,"562-02-6725",212213
65,"827-07-0132",682564
66,"888-78-1742",941092
67,"072-25-7603",258985
68,"567-41-5342",589332
69,"576-44-1300",132213
70,"211-84-4005",531885
71,"684-88-2707",226127
72,"256-10-2086",860225
73,"802-72-0825",583608
74,"857-13-2148",247176
75,"426-78-2440",789451
76,"833-10-4215",167030
77,"724-64-0000",807509
78,"513-53-4378",911177
79,"726-25-8582",828021
80,"211-26-8460",220515
81,"140-01-8617",502076
82,"671-30-0017",841645
83,"027-30-2606",626778
84,"406-42-0705",150843
85,"332-18-5087",587489
86,"673-72-3828",320413
87,"866-20-8743",122875
88,"266-30-3668",518691
89,"435-57-2316",630873
90,"885-18-6760",775928
91,"561-13-2636",716320
92,"574-27-2386",705075
93,"736-32-4742",372455
94,"034-82-4477",584640
95,"338-58-6732",387439
96,"431-70-1077",102123
97,"281-25-1765",898919
98,"625-82-2217",636023
99,"312-78-2310",776912
100,"430-04-5447",148968
20,"745-50-1433",338607
21,"830-52-1651",709755
20,"745-50-1433",652978
21,"830-52-1651",571140
20,"745-50-1433",948559
21,"830-52-1651",816101
1,"650-63-6154",881958
2,"875-13-4278",965101
3,"566-83-8044",604430
4,"532-16-1750",950716
5,"683-00-5812",982067
6,"060-21-3317",510313
7,"611-71-0203",151816
8,"820-62-2326",651702
9,"402-45-6427",901208
10,"827-22-6062",239063
11,"624-06-2107",783245
12,"534-06-7335",890876
13,"246-87-3132",759908
14,"434-24-5776",621593
15,"062-18-1716",324670
16,"762-54-2442",932039
17,"174-15-3773",187458
18,"305-46-6381",419609
19,"736-31-5657",778871
20,"745-50-1433",471666
21,"830-52-1651",175141
22,"338-58-3601",376139
23,"248-16-4677",867483
24,"228-00-7826",403215
25,"576-22-2236",589574
26,"025-44-7058",271153
27,"236-84-3454",546966
28,"600-23-4656",565348
29,"871-10-4712",206885
30,"785-65-8200",403343
31,"048-82-5416",188890
32,"483-67-1026",774801
33,"525-77-1330",747465
34,"045-61-4184",155648
35,"050-61-7466",136988
36,"855-21-8447",646831
37,"886-51-1363",798088
38,"088-56-6634",689183
39,"883-66-3870",472005
40,"423-13-4375",320978
41,"262-68-1121",343936
42,"560-48-1425",363470
43,"415-36-3166",111412
44,"272-72-6427",380121
45,"705-77-5861",531515
46,"726-55-0272",155968
47,"738-62-1855",449827
48,"241-68-2480",973350
49,"535-50-6535",908449
50,"145-15-6482",302928
51,"566-64-8428",165342
52,"430-15-6024",288044
53,"653-40-1765",713147
54,"178-66-4118",633260
55,"852-00-8323",227146
56,"514-65-8714",787726
57,"878-10-8537",277132
58,"646-01-7012",580697
59,"714-20-8170",342975
60,"882-04-1325",699837
61,"844-30-2613",803727
62,"258-61-0744",689427
63,"546-81-4528",380067
64,"562-02-6725",927288
65,"827-07-0132",678328
66,"888-78-1742",218081
67,"072-25-7603",471973
68,"567-41-5342",988063
69,"576-44-1300",828692
70,"211-84-4005",573820
71,"684-88-2707",679740
72,"256-10-2086",471800
73,"802-72-0825",522904
74,"857-13-2148",401226
75,"426-78-2440",556379
76,"833-10-4215",988309
77,"724-64-0000",121179
78,"513-53-4378",261047
79,"726-25-8582",721997
80,"211-26-8460",754596
81,"140-01-8617",831440
82,"671-30-0017",875454
83,"027-30-2606",311594
84,"406-42-0705",260516
85,"332-18-5087",649656
86,"673-72-3828",105157
87,"866-20-8743",909565
88,"266-30-3668",775031
89,"435-57-2316",663142
90,"885-18-6760",383028
91,"561-13-2636",668090
92,"574-27-2386",698614
93,"736-32-4742",234981
94,"034-82-4477",229447
95,"338-58-6732",828621
96,"431-70-1077",770352
97,"281-25-1765",885124
98,"625-82-2217",533857
99,"312-78-2310",120294
100,"430-04-5447",996079
62,"258-61-0744",898081
63,"546-81-4528",866539
62,"258-61-0744",115256
63,"546-81-4528",499669
62,"258-61-0744",618821
62,"258-61-0744",741586
63,"546-81-4528",887923
1,"650-63-6154",606432
2,"875-13-4278",150407
3,"566-83-8044",257862
4,"532-16-1750",354713
5,"683-00-5812",235519
6,"060-21-3317",653117
7,"611-71-0203",823631
8,"820-62-2326",331177
9,"402-45-6427",195105
10,"827-22-6062",525591
11,"624-06-2107",113647
12,"534-06-7335",606661
13,"246-87-3132",416073
14,"434-24-5776",175107
15,"062-18-1716",238920
16,"762-54-2442",481726
17,"174-15-3773",726861
18,"305-46-6381",555861
19,"736-31-5657",984401
20,"745-50-1433",568097
21,"830-52-1651",174826
22,"338-58-3601",849820
23,"248-16-4677",479278
24,"228-00-7826",573455
25,"576-22-2236",284490
26,"025-44-7058",871095
27,"236-84-3454",395856
28,"600-23-4656",627898
29,"871-10-4712",212667
30,"785-65-8200",227065
31,"048-82-5416",822609
32,"483-67-1026",602118
33,"525-77-1330",363080
34,"045-61-4184",288805
35,"050-61-7466",465992
36,"855-21-8447",980699
37,"886-51-1363",168461
38,"088-56-6634",304368
39,"883-66-3870",301799
40,"423-13-4375",763628
41,"262-68-1121",669391
42,"560-48-1425",357219
43,"415-36-3166",777980
44,"272-72-6427",806840
45,"705-77-5861",860063
46,"726-55-0272",411950
47,"738-62-1855",812498
48,"241-68-2480",982863
49,"535-50-6535",107209
50,"145-15-6482",277061
51,"566-64-8428",313901
52,"430-15-6024",140121
53,"653-40-1765",801924
54,"178-66-4118",450108
55,"852-00-8323",367483
56,"514-65-8714",335274
57,"878-10-8537",667577
58,"646-01-7012",288720
59,"714-20-8170",147818
60,"882-04-1325",358510
61,"844-30-2613",864858
62,"258-61-0744",972031
63,"546-81-4528",911494
64,"562-02-6725",196080
65,"827-07-0132",764773
66,"888-78-1742",558264
67,"072-25-7603",799124
68,"567-41-5342",957670
69,"576-44-1300",497940
70,"211-84-4005",490352
71,"684-88-2707",223182
72,"256-10-2086",997278
73,"802-72-0825",688740
74,"857-13-2148",198748
75,"426-78-2440",898707
76,"833-10-4215",475561
77,"724-64-0000",786638
78,"513-53-4378",782310
79,"726-25-8582",453523
80,"211-26-8460",446302
81,"140-01-8617",208788
82,"671-30-0017",217632
83,"027-30-2606",277018
84,"406-42-0705",338857
85,"332-18-5087",681639
86,"673-72-3828",564548
87,"866-20-8743",261084
88,"266-30-3668",661216
89,"435-57-2316",287745
90,"885-18-6760",607364
91,"561-13-2636",331764
92,"574-27-2386",125582
93,"736-32-4742",241985
94,"034-82-4477",316081
95,"338-58-6732",429823
96,"431-70-1077",943177
97,"281-25-1765",471913
98,"625-82-2217",751045
99,"312-78-2310",637501
100,"430-04-5447",479263
100,"430-04-5447",885908
1,"650-63-6154",525524
2,"875-13-4278",261958
3,"566-83-8044",844373
4,"532-16-1750",380502
5,"683-00-5812",430043
6,"060-21-3317",452629
7,"611-71-0203",719215
8,"820-62-2326",625338
9,"402-45-6427",258257
10,"827-22-6062",286930
11,"624-06-2107",348081
12,"534-06-7335",796925
13,"246-87-3132",424219
14,"434-24-5776",664857
15,"062-18-1716",923286
16,"762-54-2442",517520
17,"174-15-3773",355413
18,"305-46-6381",273825
19,"736-31-5657",625158
20,"745-50-1433",907224
21,"830-52-1651",241943
22,"338-58-3601",281819
23,"248-16-4677",282764
24,"228-00-7826",133513
25,"576-22-2236",832256
26,"025-44-7058",971109
27,"236-84-3454",302600
28,"600-23-4656",729737
29,"871-10-4712",578202
30,"785-65-8200",185383
31,"048-82-5416",435731
32,"483-67-1026",800168
33,"525-77-1330",657383
34,"045-61-4184",658894
35,"050-61-7466",127296
36,"855-21-8447",735972
37,"886-51-1363",186497
38,"088-56-6634",900054
39,"883-66-3870",564228
40,"423-13-4375",297573
41,"262-68-1121",403592
42,"560-48-1425",467507
43,"415-36-3166",402444
44,"272-72-6427",467093
45,"705-77-5861",435433
46,"726-55-0272",818344
47,"738-62-1855",316549
48,"241-68-2480",804241
49,"535-50-6535",109296
50,"145-15-6482",377831
51,"566-64-8428",251027
52,"430-15-6024",788013
53,"653-40-1765",473330
54,"178-66-4118",567499
55,"852-00-8323",490665
56,"514-65-8714",750303
57,"878-10-8537",362128
58,"646-01-7012",785148
59,"714-20-8170",461630
60,"882-04-1325",181371
61,"844-30-2613",782980
